date,nav_total,cash_available,cash_settling,positions_value,holdings,fee_today,cum_fee,nav_zero_cost_fixed_trades,ret,bm_close,bm_ret,bm_nav,bm_nav_norm,nav_norm
2024-12-31,1000000.0,1000000.0,0.0,0.0,0,0.0,0.0,1000000.0,0.0,,,,,1.0
2025-01-02,998503.2386500001,662.3386499999724,0.0,997840.9000000001,50,1496.7613499999998,1496.7613499999998,1000000.0000000001,-0.0014967613499998755,4625.1118,,1.0,1.0,0.9985032386500001
2025-01-03,975856.2231999999,18.37414999997233,101142.88905,874694.96,50,254.45545,1751.2168,977607.44,-0.022680963439457136,4523.1235,-0.02205099128630794,0.9779490087136921,0.9779490087136921,0.9758562231999999
2025-01-06,971093.3802649998,34.41011499995875,75973.53014999999,895085.4399999998,50,341.872935,2093.089735,973186.4699999999,-0.004880681007886523,4509.931,-0.002916679148822765,0.975096645231365,0.975096645231365,0.9710933802649998
2025-01-07,987473.3367649999,1043.6622649999535,100993.0845,885436.59,50,365.3935000000001,2458.483235000001,989931.82,0.01686754006656921,4567.6093,0.012789175710227196,0.987567327561682,0.987567327561682,0.9874733367649999
2025-01-08,984524.0214600002,741.1609599999538,79356.9105,904425.9500000002,50,350.605305,2809.0885400000016,987333.1100000002,-0.0029867290540337432,4559.0358,-0.0018770213117834667,0.9857136426410277,0.9857136426410277,0.9845240214600002
2025-01-09,980814.968685,535.0056099999456,98220.603075,882059.36,50,365.33277499999997,3174.4213150000014,983989.39,-0.0037673563002554866,4558.5117,-0.00011495851820242375,0.9856003264612978,0.9856003264612978,0.980814968685
2025-01-10,953730.369735,397.6927849999556,76928.41695000001,876404.26,50,340.1189499999999,3514.540265000002,957244.9099999999,-0.027614381728199855,4475.6126,-0.018185562625626206,0.9676766300005982,0.9676766300005982,0.9537303697349999
2025-01-13,957149.070635,1.3963849999818194,91564.81425,865582.86,50,345.2991,3859.839365000002,961008.91,0.003584557028366353,4472.602,-0.0006726676924629915,0.9670257051948453,0.9670257051948453,0.957149070635
2025-01-14,993956.346775,70.48259999998845,108893.414175,884992.45,50,409.95386,4269.793225000002,998226.14,0.038455113491967285,4632.2295,0.03569007481551023,1.001538924961771,1.001538924961771,0.993956346775
2025-01-15,990627.5867000001,1489.3764499999852,92424.26025,896713.9500000001,50,392.61007500000005,4662.403300000002,995289.9900000001,-0.003349000271290037,4604.1247,-0.006067229613731406,0.9954623583369382,0.9954623583369382,0.9906275867000001
2025-01-16,993249.1164550001,511.8138049999834,76203.95265,916533.3500000001,50,330.88024500000006,4993.283545,998242.4000000001,0.002646332274808705,4620.34,0.003521907215067399,0.998968284399093,0.998968284399093,0.9932491164550001
2025-01-17,991062.307335,86.71503499999562,76698.8523,914276.74,50,306.99912,5300.282665000001,996362.59,-0.002201672353663975,4636.0726,0.0034050740854569828,1.0023698454164938,1.0023698454164938,0.991062307335
2025-01-20,1000218.51104,135.03373999999712,96475.28730000001,903608.19,50,356.596295,5656.87896,1005875.39,0.00923877705491738,4663.5344,0.005923505166851584,1.0083073883749145,1.0083073883749145,1.00021851104
2025-01-21,989219.8559299997,564.7284300000101,107320.0275,881335.0999999997,50,412.8251099999999,6069.704070000001,995289.5599999997,-0.010996252307472476,4671.0569,0.001613046962835707,1.0099338355453376,1.0099338355453376,0.9892198559299997
2025-01-22,979967.3585900001,327.351465000007,89177.64712499999,890462.3600000001,50,384.59734000000003,6454.301410000001,986421.66,-0.009353327558615399,4627.9754,-0.009223073262070391,1.0006191417902592,1.0006191417902592,0.9799673585900001
2025-01-23,988571.0432149998,3788.0156900000075,68648.937525,916134.0899999999,50,300.435375,6754.736785000001,995325.7799999998,0.00877956245132383,4623.6343,-0.0009380127647179437,0.9996805482626389,0.9996805482626389,0.9885710432149999
2025-01-24,997212.8786349997,906.4481600000108,101848.550475,894457.8799999998,50,362.3945799999999,7117.131365000003,1004330.0099999998,0.008741744439423549,4674.2252,0.010941803939814143,1.0106188568241745,1.0106188568241745,0.9972128786349997
2025-01-27,1004703.8235350001,2533.7419100000006,89423.231625,912746.8500000001,50,374.2251,7491.3564650000035,1012195.18,0.007511881425211975,4632.6668,-0.008890970850099378,1.00163347402759,1.00163347402759,1.004703823535
2025-02-05,1016173.9123900001,330.50968999998804,109157.34270000001,906686.06,50,410.81114499999995,7902.167610000003,1024076.0800000001,0.011416388179596115,4639.2042,0.0014111526432247778,1.0030469317520065,1.0030469317520065,1.01617391239
2025-02-06,1029156.3883099997,467.99753500000224,71568.320775,957120.0699999997,50,342.6540800000001,8244.821690000002,1037401.2099999997,0.012775840593531207,4728.5774,0.019264769591301967,1.0223703997814713,1.0223703997814713,1.0291563883099997
2025-02-07,1040790.552965,393.38486499999635,98378.19810000001,942018.97,50,353.86534500000005,8598.687035000004,1049389.24,0.011304564386084293,4796.0356,0.014266066576387182,1.0369556039704813,1.0369556039704813,1.0407905529650001
2025-02-10,1060594.077805,867.5068050000118,98764.07100000001,960962.4999999999,50,394.16516,8992.852195000005,1069586.93,0.019027387194842982,4839.787,0.009122409349922256,1.0464151374675958,1.0464151374675958,1.0605940778049998
2025-02-11,1057925.935745,948.1343450000204,104353.9014,952623.8999999999,50,409.34206,9402.194255000004,1067328.13,-0.0025157052220411424,4819.451,-0.004201837808151532,1.0420182707799623,1.0420182707799623,1.057925935745
2025-02-12,1060656.03404,390.5842650000304,95508.71977499999,964756.7300000001,50,396.50170499999996,9798.695960000003,1070454.73,0.002580613824423983,4876.2831,0.01179223525667128,1.0543059953707494,1.0543059953707494,1.06065603404
2025-02-13,1061097.09077,112.75942000002033,106696.05135,954288.2799999999,50,410.87327,10209.569230000006,1071306.66,0.0004158338951034679,4844.6541,-0.006486292807732941,1.0474674579758265,1.0474674579758265,1.06109709077
2025-02-14,1055227.14443,535.1790800000126,104855.06534999999,949836.9,50,421.96634000000006,10631.535570000005,1065858.6800000002,-0.005531959696299049,4875.0667,0.0062775585980432425,1.054042996322813,1.054042996322813,1.05522714443
2025-02-17,1073141.6426199998,598.5523200000098,103504.47029999999,969038.6199999999,50,416.36181,11047.897380000008,1084189.5399999998,0.016976911828473273,4899.8306,0.005079704858191869,1.059397223651977,1.059397223651977,1.0731416426199998
2025-02-18,1062650.312885,622.7446849999978,99810.56820000001,962217.0,50,405.1397350000001,11453.037115000005,1074103.3499999999,-0.009776276791743976,4820.1935,-0.01625303127826494,1.0421788074398544,1.0421788074398544,1.062650312885
2025-02-19,1070330.881845,511.29434500002026,110188.8375,959630.75,50,425.82104000000004,11878.858155000004,1082209.74,0.0072277482694640405,4893.4126,0.01519007483828183,1.058009581519737,1.058009581519737,1.070330881845
2025-02-20,1071569.505245,868.6313450000016,98734.98389999999,971965.8899999999,50,411.95660000000004,12290.814755000005,1083860.3199999998,0.0011572341049010948,4905.7065,0.0025123366870802855,1.0606676578066716,1.0606676578066716,1.0715695052449998
2025-02-21,1063741.329965,68.51621500000329,102146.49375000001,961526.32,50,405.08528,12695.900035000006,1076437.23,-0.007305335997042972,4973.1136,0.013740548889339177,1.075241813614105,1.075241813614105,1.063741329965
2025-02-24,1068325.9361649998,365.6647649999977,96988.3614,970971.9099999998,50,395.62379999999996,13091.523835000005,1081417.46,0.004309888194482969,4971.2614,-0.00037244272883674157,1.0748413476188834,1.0748413476188834,1.068325936165
2025-02-25,1060247.6817450002,177.75006999999823,98328.89167499999,961741.0400000002,50,391.98441999999994,13483.508255000006,1073731.1900000002,-0.007561600955789172,4930.2958,-0.008240483994665926,1.065984134697025,1.065984134697025,1.0602476817450002
2025-02-26,1067938.5249299998,477.0075299999953,81017.9874,986443.5299999998,50,349.876815,13833.385070000008,1081771.91,0.007253817497003823,4986.8902,0.011478905586151722,1.0782204659355477,1.0782204659355477,1.0679385249299997
2025-02-27,1072507.6511499998,1327.4036499999856,101785.8975,969394.3499999997,50,375.17378,14208.558850000005,1086716.2099999997,0.004278454342959037,4983.1606,-0.0007478809138408149,1.077414085428162,1.077414085428162,1.0725076511499998
2025-02-28,1063556.1711749998,218.0894999999946,110889.411675,952448.6699999999,50,432.0299749999999,14640.588825000004,1078196.7599999998,-0.008346308732997687,4847.4068,-0.027242509502904744,1.048062621967322,1.048062621967322,1.063556171175
2025-03-03,1065001.3884450002,1375.579819999988,109194.87862500001,954430.93,50,438.02273,15078.611555000005,1080080.0000000002,0.001358853729750642,4853.1956,0.0011942055286138231,1.0493142241448088,1.0493142241448088,1.0650013884450003
2025-03-04,1066130.9685900002,117.00641500000347,102685.77217499999,963328.1900000001,50,422.789855,15501.401410000002,1081632.37,0.0010606372510455486,4882.4483,0.006027513088489478,1.0556389793647798,1.0556389793647798,1.0661309685900002
2025-03-05,1069397.7152350002,156.72011000000202,99193.345125,970047.6500000001,50,402.34335500000003,15903.744765000003,1085301.4600000002,0.0030641138295799397,4905.0251,0.004624073541137141,1.0605203316382534,1.0605203316382534,1.0693977152350003
2025-03-06,1072539.6733950002,1379.5695950000118,105095.08380000001,966065.0200000001,50,410.13184,16313.876605000005,1088853.5500000003,0.0029380632810773744,4985.9685,0.016502137777032022,1.0780211842662917,1.0780211842662917,1.0725396733950001
2025-03-07,1068935.926145,1649.901770000015,89833.104375,977452.9199999998,50,382.14725000000004,16696.023855000007,1085631.95,-0.003360013004081286,4964.774,-0.004250829101708042,1.0734387004439547,1.0734387004439547,1.068935926145
2025-03-10,1068774.75194,548.7891150000069,99633.162825,968592.8,50,385.904205,17081.928060000006,1085856.6800000002,-0.00015078004308555215,4961.5772,-0.0006438963787678276,1.0727475171519096,1.0727475171519096,1.0687747519400002
2025-03-11,1071763.7506999997,150.41937500002678,94614.34132499999,976998.9899999998,50,386.95124,17468.8793,1089232.6299999997,0.002796659216148356,4980.1333,0.003739959946607474,1.0767595498988805,1.0767595498988805,1.0717637506999997
2025-03-12,1070667.6686150003,585.2630400000162,107205.085575,962877.3200000003,50,409.74208500000003,17878.621384999995,1088546.2900000003,-0.001022690013805283,4979.8703,-5.280983141575657e-05,1.076702686408575,1.076702686408575,1.0706676686150003
2025-03-13,1067827.86013,554.5458300000173,104863.4643,962409.85,50,423.428485,18302.049869999995,1086129.91,-0.00265237156985787,4935.9673,-0.008816093061700725,1.0672103753254139,1.0672103753254139,1.06782786013
2025-03-14,1080733.65284,987.138440000017,104967.16440000001,974779.3500000002,50,419.48729000000003,18721.537159999996,1099455.1900000002,0.012086023592256634,5037.2472,0.020518754247014437,1.0891082027465802,1.0891082027465802,1.08073365284
2025-03-17,1083500.41722,1117.0524950000145,99907.71472500001,982475.6499999999,50,407.41562,19128.952779999996,1102629.3699999999,0.002560079787216063,5042.8386,0.0011100110393629237,1.0903171248746897,1.0903171248746897,1.08350041722
2025-03-18,1083230.13105,317.3523500000156,112319.0187,970593.7599999999,50,432.3361699999999,19561.28895,1102791.42,-0.00024945645216589707,5060.9371,0.0035889508738193854,1.094230219472749,1.094230219472749,1.0832301310499999
2025-03-19,1083903.0185200002,117.07489500001248,92243.363625,991542.5800000001,50,399.71253,19961.00148,1103864.0200000003,0.0006211860718350337,5045.4785,-0.003054493603566022,1.0908879002665408,1.0908879002665408,1.0839030185200003
2025-03-20,1083125.135795,825.0410700000102,94261.864725,988038.23,50,373.342725,20334.344205,1103459.48,-0.0007176681969779386,5015.2423,-0.0059927319083810104,1.0843505015381467,1.0843505015381467,1.083125135795
2025-03-21,1076337.55895,702.2108000000117,101442.49815,974192.8499999999,50,395.606845,20729.95105,1097067.51,-0.006266659890611814,4931.8154,-0.016634669874274977,1.066312688917055,1.066312688917055,1.07633755895
2025-03-24,1061411.2466699998,2410.31142000002,100178.82525,958822.1099999998,50,400.45228000000003,21130.403329999997,1082541.6499999997,-0.013867686912794608,4918.6355,-0.0026724236272104296,1.063463049693199,1.063463049693199,1.0614112466699999
2025-03-25,1064694.4030550001,223.80865500001528,95415.10440000001,969055.49,50,392.45361499999996,21522.856945000003,1086217.26,0.003093199167900851,4899.4243,-0.0039057986711966697,1.0593093771268405,1.0593093771268405,1.064694403055
2025-03-26,1072948.4955000002,519.1771500000177,105416.45835000002,967012.8600000001,50,406.667555,21929.5245,1094878.0200000003,0.0077525461027276865,4905.4683,0.0012336143248505849,1.0606161563489127,1.0606161563489127,1.0729484955000002
2025-03-27,1066429.4183750001,406.62907500004076,98956.2693,967066.52,50,406.06712500000003,22335.591625,1088765.0100000002,-0.006075852804064086,4906.853,0.0002822768215624549,1.0609155437064246,1.0609155437064246,1.066429418375
2025-03-28,1057074.48975,670.3312500000502,93981.05850000001,962423.1,50,383.358625,22718.95025,1079793.44,-0.008772196700326362,4868.7456,-0.007766158880243568,1.0526763050354806,1.0526763050354806,1.05707448975
2025-03-31,1047160.800025,202.82910000005722,94953.65092500001,952004.32,50,379.439725,23098.389975000002,1070259.19,-0.009378421124649927,4826.864,-0.00860213357625439,1.0436210428470074,1.0436210428470074,1.047160800025
2025-04-01,1057948.515395,31.93692000007286,99786.518475,958130.0599999999,50,392.56462999999997,23490.954605,1081439.4700000002,0.010301870896754828,4844.5323,0.003660409740154247,1.0474411234772745,1.0474411234772745,1.0579485153950001
2025-04-02,1059403.6712449999,289.3853950000848,99248.91584999999,959865.3699999999,50,397.81415000000004,23888.768755,1083292.44,0.0013754505335794587,4847.5648,0.0006259634185945551,1.048096783303703,1.048096783303703,1.059403671245
2025-04-03,1061165.04385,9930.510875000067,93715.932975,957518.5999999999,50,369.08739499999996,24257.856150000003,1085422.9,0.0016626076091752484,4809.7335,-0.007804186547439196,1.0399172404870298,1.0399172404870298,1.06116504385
2025-04-07,967004.1455400002,1457.750390000063,86026.33515,879520.06,50,368.65831000000003,24626.514460000002,991630.6600000001,-0.08873350932139246,4365.1772,-0.09242846823010054,0.9437992828627406,0.9437992828627406,0.9670041455400001
2025-04-08,977549.7791599999,2468.533210000056,97529.18595,877552.0599999998,50,371.7663799999999,24998.28084,1002548.0599999999,0.010905468884118141,4409.9796,0.010263592506622565,0.9534860541100864,0.9534860541100864,0.97754977916
2025-04-09,997859.0028349999,45.41526000005251,91340.047575,906473.5399999999,50,378.62632499999995,25376.907164999997,1023235.9099999999,0.020775641412810186,4486.4734,0.017345613118028957,0.9700248543181159,0.9700248543181159,0.997859002835
2025-04-10,1021474.734195,599.9284950000438,89126.3457,931748.46,50,359.34864,25736.255805,1047210.99,0.023666401057570008,4571.4749,0.018946172733354416,0.9884031127636739,0.9884031127636739,1.0214747341950001
2025-04-11,1024224.437445,232.23419500004456,94162.70324999999,929829.5,50,370.03675000000004,26106.292555000004,1050330.73,0.002691895509453701,4603.0324,0.006903133166059838,0.9952261910728296,0.9952261910728296,1.024224437445
2025-04-14,1048120.4132599998,1320.294585000036,110611.30867500001,936188.8099999998,50,416.624185,26522.916740000004,1074643.3299999998,0.02333080030252943,4643.0728,0.008698700447991703,1.003883365586968,1.003883365586968,1.0481204132599997
2025-04-15,1054095.4689500001,77.53345000003901,96216.65550000001,957801.28,50,408.67431,26931.591050000003,1081027.06,0.0057007340133905515,4637.0127,-0.0013051916825426169,1.002573105367961,1.002573105367961,1.0540954689500002
2025-04-16,1040668.7394349999,147.4748850000251,96628.00455000001,943893.2599999999,50,386.179515,27317.770565000003,1067986.5099999998,-0.012737678806621577,4612.7151,-0.005239925264815426,0.9973196972233189,0.9973196972233189,1.0406687394349998
2025-04-17,1047910.6097050001,514.283905000033,96280.37580000001,951115.9500000001,50,385.47973000000013,27703.250295,1075613.86,0.006958862119690323,4617.8818,0.0011200995266322789,0.9984367945440799,0.9984367945440799,1.0479106097050002
2025-04-18,1046090.6762249998,667.8154000000432,98855.910825,946566.9499999998,50,391.73348000000004,28094.983774999997,1074185.66,-0.0017367258840069733,4616.8376,-0.00022612098906482636,0.9982110270285788,0.9982110270285788,1.0460906762249997
2025-04-21,1058628.8742599997,447.32421000005706,96609.85005000001,961571.6999999997,50,390.521965,28485.505739999993,1087114.3799999997,0.01198576597608736,4668.9115,0.011279127513603715,1.0094699764879194,1.0094699764879194,1.0586288742599996
2025-04-22,1060281.27201,6868.594010000055,77853.678,975559.0,50,330.20225,28815.707989999995,1089096.98,0.0015608848295918243,4665.2724,-0.0007794322081282612,1.0086831630751063,1.0086831630751063,1.0602812720099999
2025-04-23,1067768.04541,138.68666000005396,106772.89875,960856.46,50,394.2866,29209.994589999995,1096978.04,0.007061120098638796,4681.0836,0.0033891268599879343,1.0121017182763017,1.0121017182763017,1.06776804541
2025-04-24,1059428.74553,107.19878000003882,99152.79675000001,960168.75,50,408.46988,29618.46446999999,1089047.21,-0.007810029449605738,4658.5796,-0.004807433902697222,1.007236106162882,1.007236106162882,1.05942874553
2025-04-25,1060822.273325,72.21670000004815,98330.906625,962419.15,50,395.002205,30013.466674999992,1090835.74,0.0013153577348921086,4667.5574,0.0019271539333576282,1.0091772051866936,1.0091772051866936,1.060822273325
2025-04-28,1050972.0900400002,820.5787400000481,98668.1913,951483.3200000002,50,393.443285,30406.909959999997,1081379.0000000002,-0.009285422763726237,4639.9026,-0.005924897677744512,1.0031979335072503,1.0031979335072503,1.0509720900400001
2025-04-29,1058487.7813650002,10207.849240000065,57606.772125,990673.16,50,278.098675,30685.008635,1089172.7900000003,0.007151180698541593,4649.0354,0.001968317179761314,1.0051725452344737,1.0051725452344737,1.0584877813650002
2025-04-30,1062627.14891,522.814835000072,97071.08407499999,965033.2499999999,50,344.072455,31029.08109,1093656.23,0.003910642728120806,4666.796,0.0038202763523806915,1.0090125821390954,1.0090125821390954,1.06262714891
2025-05-06,1079716.5760400002,355.07914000007077,101754.2169,977607.2800000001,50,400.66286999999994,31429.743959999996,1111146.3200000003,0.016082242155708082,4751.8023,0.018215130894943865,1.0273918783974043,1.0273918783974043,1.0797165760400003
2025-05-07,1091362.881535,3059.3236100000795,95286.017925,993017.5399999999,50,387.164505,31816.908464999993,1123179.79,0.01078644688193453,4775.7525,0.005040234944117872,1.0325701748442058,1.0325701748442058,1.0913628815349998
2025-05-08,1106967.2679300003,91.66175500008103,92262.296175,1014613.3100000002,50,378.393605,32195.302069999998,1139162.5700000003,0.01429807322478549,4807.3861,0.006623793841912917,1.0394097068096817,1.0394097068096817,1.1069672679300002
2025-05-09,1102684.4811200004,337.19952000007106,110079.47159999999,992267.8100000003,50,413.70681,32609.00888,1135293.4900000005,-0.0038689371710228793,4773.3335,-0.0070833919497333975,1.0320471604599912,1.0320471604599912,1.1026844811200003
2025-05-12,1118789.9967450001,95.73757000005935,92149.37917500001,1026544.88,50,396.18437500000005,33005.193255,1151795.1900000002,0.014605733462977,4834.218,0.012755132236203615,1.0452110584656569,1.0452110584656569,1.1187899967450001
2025-05-13,1115437.378315,336.99104000006264,92473.32727500002,1022627.0599999999,50,369.41843,33374.611684999996,1148811.99,-0.002996646769951594,4831.2375,-0.0006165423239083978,1.0445666416106958,1.0445666416106958,1.115437378315
2025-05-14,1117873.45962,280.80192000008174,104499.01770000001,1013093.64,50,400.488695,33775.100379999996,1151648.56,0.0021839695821204153,4864.4848,0.006881735787156007,1.0517550732503376,1.0517550732503376,1.1178734596200002
2025-05-15,1124158.438895,1351.9101200000878,100600.358775,1022206.1699999999,50,407.04072499999995,34182.14110499999,1158340.5799999998,0.005622263612141021,4807.4037,-0.011734253954293394,1.0394135121231016,1.0394135121231016,1.124158438895
2025-05-16,1118846.909475,110.25467500009108,101782.9848,1016953.67,50,407.6294200000001,34589.770524999985,1153436.6800000002,-0.004724893961762899,4805.3678,-0.000423492622431465,1.0389733281690618,1.0389733281690618,1.1188469094750002
2025-05-19,1137163.256795,267.80964500010305,101758.10715,1035137.3399999999,50,407.24268,34997.013204999974,1172160.27,0.016370735946881654,4812.0505,0.0013906739875353402,1.0404182013502896,1.0404182013502896,1.137163256795
2025-05-20,1149772.250165,544.001915000099,99172.14825,1050056.1,50,400.54663,35397.55983499997,1185169.81,0.01108811183852132,4843.5682,0.006549744230655907,1.047232674462053,1.047232674462053,1.149772250165
2025-05-21,1157828.0424600001,1244.193460000104,107941.869,1048641.98,50,418.017705,35815.57753999996,1193643.62,0.007006424353904972,4846.772,0.0006614545037273434,1.0479253712310264,1.0479253712310264,1.15782804246
2025-05-22,1150301.006635,203.9341100001002,105514.542525,1044582.5299999999,50,427.67582500000003,36243.25336499995,1186544.26,-0.0065009963042592656,4816.9777,-0.006147246043345822,1.0414835161390048,1.0414835161390048,1.150301006635
2025-05-23,1135466.9901150002,4607.156815000089,82747.2933,1048112.54,50,358.82652,36602.07988499995,1172069.07,-0.01289576939812831,4771.6242,-0.009415343566983925,1.0316775910152056,1.0316775910152056,1.135466990115
2025-05-26,1141255.7461050001,63.1693050001013,78105.52679999999,1063087.05,50,326.49401,36928.57389499995,1178184.32,0.005098127942419151,4776.1769,0.0009541195637325917,1.0326619347882577,1.0326619347882577,1.1412557461050001
2025-05-27,1150550.1365699999,587.208170000089,96662.3784,1053300.5499999998,50,358.459535,37287.033429999945,1187837.1699999997,0.008144003214634932,4761.0651,-0.003163995035443623,1.029394597553296,1.029394597553296,1.15055013657
2025-05-28,1151366.067925,770.8552250000866,82571.9727,1068023.24,50,351.44864499999994,37638.48207499995,1189004.55,0.0007091662753895278,4751.0116,-0.0021116073376101774,1.0272209203678062,1.0272209203678062,1.1513660679250002
2025-05-29,1161394.1415450003,151.5078450000692,82336.16369999999,1078906.4700000002,50,330.95638,37969.43845499994,1199363.58,0.008709717872850575,4805.6622,0.011502939710776428,1.0390369806844453,1.0390369806844453,1.1613941415450002
2025-05-30,1155373.725465,1485.0295650000699,79143.2859,1074745.41,50,319.67608,38289.114534999935,1193662.8399999999,-0.00518378375147599,4764.6041,-0.00854369248009157,1.0301597682460346,1.0301597682460346,1.1553737254649998
2025-06-03,1160507.80508,841.6246800000845,87221.24040000001,1072444.94,50,338.100385,38627.21491999994,1199135.02,0.004443652734905212,4788.3736,0.004988767062514166,1.0352989953669876,1.0352989953669876,1.1605078050800002
2025-06-04,1169831.623505,865.514955000086,90294.27855,1078671.8299999998,50,356.90157500000004,38984.116494999944,1208815.74,0.008034257403686462,4821.1125,0.00683716491962949,1.0423775053394384,1.0423775053394384,1.169831623505
2025-06-05,1165911.9027450003,888.3491450000911,93356.5836,1071666.9700000002,50,369.18076,39353.29725499993,1205265.2000000002,-0.003350670883947915,4840.0784,0.003933926038855118,1.0464781413500102,1.0464781413500102,1.1659119027450002
2025-06-06,1173336.25461,840.6962350000904,91539.228375,1080956.3299999998,50,369.318135,39722.61538999993,1213058.8699999999,0.006367849789953972,4834.8625,-0.0010776478331425698,1.0453504064485533,1.0453504064485533,1.17333625461
2025-06-09,1178266.793255,90.72815500009892,93092.6451,1085083.42,50,371.54135499999995,40094.156744999935,1218360.95,0.004202153155694388,4870.4276,0.00735596927523785,1.0530399719202461,1.0530399719202461,1.178266793255
2025-06-10,1175863.4725400005,57.13311500009513,83482.999425,1092323.3400000003,50,348.71071500000005,40442.867459999936,1216306.3400000003,-0.0020397084334017324,4836.6673,-0.0069316911722494545,1.0457406240428608,1.0457406240428608,1.1758634725400003
2025-06-11,1179470.0847550002,64.91725500008761,85782.0075,1093623.1600000001,50,340.01778500000006,40782.88524499994,1220252.9700000002,0.0030672032078766787,4866.33,0.006132879968816507,1.052154025768631,1.052154025768631,1.1794700847550001
2025-06-12,1177949.6987900003,197.1324900001091,85527.12629999999,1092225.4400000002,50,342.63596499999994,41125.52120999993,1219075.2200000002,-0.0012890415659128074,4868.9156,0.0005313244272378004,1.0527130609037385,1.0527130609037385,1.1779496987900002
2025-06-13,1167264.72203,1254.6040800000992,84708.51795000001,1081301.5999999999,50,338.81676,41464.337969999935,1208729.06,-0.009070826004689225,4813.1973,-0.011443677520308726,1.040666152113339,1.040666152113339,1.16726472203
2025-06-16,1174010.43055,1342.7616000001108,87317.57895,1085350.0899999999,50,345.58148000000006,41809.919449999936,1215820.3499999999,0.005779073412129021,4838.2264,0.005200098487547988,1.0460777185969858,1.0460777185969858,1.1740104305499999
2025-06-17,1173064.5652750004,225.737325000111,81636.21794999999,1091202.6100000003,50,337.055275,42146.97472499994,1215211.5400000003,-0.0008056702482246436,4832.052,-0.0012761701271357673,1.04474274546185,1.04474274546185,1.1730645652750005
2025-06-18,1167539.794495,930.019195000099,95574.3453,1071035.43,50,360.75078,42507.72550499995,1210047.52,-0.004709690279243284,4830.9253,-0.00023317215957108228,1.0444991405396946,1.0444991405396946,1.1675397944950001
2025-06-19,1150224.3848200003,2032.7693450001061,81597.305475,1066594.31,50,345.999675,42853.72517999995,1193078.1100000003,-0.01483068051011427,4772.1435,-0.012167813896853175,1.0317898693821845,1.0317898693821845,1.1502243848200002
2025-06-20,1147899.88038,478.17378000011377,85610.7966,1061810.91,50,339.10444,43192.82961999995,1191092.71,-0.0020209138935652904,4754.8273,-0.0036286000200957957,1.0280459166414098,1.0280459166414098,1.14789988038
2025-06-23,1154029.5271500002,328.15182500011724,99400.745325,1054300.6300000001,50,377.57322999999997,43570.40284999995,1197599.9300000002,0.005339879265403358,4794.1406,0.008268081576800812,1.036545884144898,1.036545884144898,1.1540295271500003
2025-06-24,1154021.40195,195.82115000011618,89275.9308,1064549.65,50,372.8252,43943.22804999995,1197964.6300000001,-7.040721063833466e-06,4868.0806,0.01542299364353239,1.0525325247272945,1.0525325247272945,1.1540214019500001
2025-06-25,1160982.7714500001,89.87995000012234,91290.60149999999,1069602.29,50,362.67049999999995,44305.89854999995,1205288.6700000002,0.006032270708530296,4933.5941,0.013457768139664816,1.0666972634045304,1.0666972634045304,1.16098277145
2025-06-26,1161954.6556900002,1632.2206900000965,80145.135,1080177.3,50,335.28576000000004,44641.18430999995,1206595.84,0.0008371220175698024,4916.5631,-0.0034520472610424235,1.0630149740380335,1.0630149740380335,1.1619546556900002
2025-06-27,1159366.80504,264.97024000008605,90387.5448,1068714.29,50,348.62065,44989.80495999995,1204356.6099999999,-0.00222715287324482,4913.664,-0.0005896598784628226,1.062388156757638,1.062388156757638,1.1593668050400001
2025-06-30,1167414.9448400002,289.37334000007104,86163.45150000001,1080962.12,50,351.2902,45341.095159999946,1212756.0400000003,0.006941840809149724,4954.2298,0.00825571304834849,1.071158928525793,1.071158928525793,1.1674149448400002
2025-07-01,1170025.4451899999,185.51769000008426,86304.6975,1083535.2299999997,50,345.50965,45686.604809999946,1215712.0499999998,0.002236137511806069,4966.8164,0.0025405765392634283,1.0738802897694282,1.0738802897694282,1.1700254451899998
2025-07-02,1178941.9606899999,648.6456900000776,64300.845,1113992.4699999997,50,289.7245,45976.32930999994,1224918.2899999998,0.007620787681717589,4947.1364,-0.003962296653445718,1.0696252574910734,1.0696252574910734,1.1789419606899998
2025-07-03,1178985.3709850002,1829.8330100000785,69626.307975,1107529.23,50,269.039705,46245.369014999946,1225230.7400000002,3.6821401262931985e-05,4976.6567,0.005967148995527749,1.0760078707719023,1.0760078707719023,1.1789853709850002
2025-07-04,1177154.4174849999,1178.6826850000652,66603.1548,1109372.5799999998,50,272.18350000000004,46517.55251499994,1223671.9699999997,-0.0015529908555782512,4969.2135,-0.0014956225531891354,1.0743985691329667,1.0743985691329667,1.177154417485
2025-07-07,1180600.475525,1237.5305250000602,61795.125,1117567.8199999998,50,254.54196000000002,46772.09447499993,1227372.5699999998,0.0029274477407668087,4966.0964,-0.0006272823657103022,1.0737246178568052,1.0737246178568052,1.180600475525
2025-07-08,1185393.6872900003,302.56131500006086,64675.515974999995,1120415.61,50,256.048235,47028.14270999992,1232421.83,0.004059977837014506,5018.7943,0.010611533839737675,1.0851184829737521,1.0851184829737521,1.1853936872900002
2025-07-09,1185718.975275,97.99292500005686,70075.43235,1115545.55,50,272.80201500000004,47300.94472499992,1233019.92,0.0002744134615255689,5008.498,-0.002051548516343815,1.08289230975995,1.08289230975995,1.1857189752750001
2025-07-10,1193239.2265450002,288.9355450000585,68795.181,1124155.11,50,277.08873,47578.03345499992,1240817.2600000002,0.0063423555048158775,5026.4907,0.0035924342986661806,1.0867825292352935,1.0867825292352935,1.1932392265450003
2025-07-11,1190399.038725,399.9646250000551,69524.11409999999,1120474.96,50,277.11782000000005,47855.15127499992,1238254.19,-0.0023802333654616703,5045.7649,0.003834524154197716,1.0909498230940062,1.0909498230940062,1.190399038725
2025-07-14,1199454.4806949997,194.72134500004904,61845.25935,1137414.4999999995,50,259.43803,48114.589304999914,1247569.0699999996,0.007607064249395279,5052.9342,0.001420854943122718,1.0924999045428483,1.0924999045428483,1.1994544806949996
2025-07-15,1190149.5489599996,1975.5289600000506,75347.15999999999,1112826.8599999996,50,278.80173499999995,48393.39103999991,1238542.9399999995,-0.007757636396179546,5042.6524,-0.0020348177104699827,1.0902768663883977,1.0902768663883977,1.1901495489599996
2025-07-16,1189110.723135,36.0326100000384,67259.220525,1121815.47,50,284.325825,48677.7168649999,1237788.44,-0.0008728531854733657,5044.1262,0.00029226682370575574,1.0905955181450968,1.0905955181450968,1.189110723135
2025-07-17,1187681.083875,484.54717500003244,54807.956699999995,1132388.58,50,237.42926,48915.14612499989,1236596.23,-0.001202275980012102,5090.8179,0.009256647861030975,1.1006907768153846,1.1006907768153846,1.187681083875
2025-07-18,1195353.267765,1313.4165150000226,71085.34125,1122954.51,50,259.00611000000004,49174.15223499989,1244527.42,0.006459801367693974,5110.4533,0.0038570226603469315,1.1049361660835963,1.1049361660835963,1.195353267765
2025-07-21,1213467.3074949998,6707.53852000002,66864.828975,1139894.94,50,265.97027,49440.12250499989,1262907.4299999997,0.0151537124785448,5156.7249,0.009054304439099381,1.1149405945170885,1.1149405945170885,1.2134673074949998
2025-07-22,1231165.9069949999,450.8494950000131,75543.6675,1155171.39,50,298.8505,49738.9730049999,1280904.8799999997,0.014585147363002093,5188.2653,0.00611636273247762,1.1217599756183192,1.1217599756183192,1.2311659069949998
2025-07-23,1229595.640875,287.0458750000107,75588.555,1153720.04,50,302.83612000000005,50041.8091249999,1279637.45,-0.0012754301520844225,5173.4662,-0.002852417743556823,1.1185602475598537,1.1185602475598537,1.229595640875
2025-07-24,1235121.0755,29.251750000006723,74715.24375000001,1160376.58,50,300.855375,50342.6644999999,1285463.74,0.004493700564087932,5229.1045,0.010754549821935688,1.1305898594710728,1.1305898594710728,1.2351210755
2025-07-25,1233750.6740350001,228.57903500002067,79311.225,1154210.87,50,310.38146500000005,50653.045964999896,1284403.72,-0.0011095280391398843,5220.9501,-0.0015594257104635245,1.1288267885762242,1.1288267885762242,1.2337506740350002
2025-07-28,1234938.8714,318.40992500002176,79603.901475,1155016.56,50,318.162635,50971.2085999999,1285910.08,0.0009630773786035718,5238.8019,0.0034192627123557084,1.132686543923111,1.132686543923111,1.2349388714
2025-07-29,1229547.208585,6217.5097850000275,68006.0388,1155323.66,50,280.832815,51252.041414999905,1280799.2499999998,-0.004365934978536878,5262.3192,0.004489060752612017,1.137771242632448,1.137771242632448,1.2295472085849999
2025-07-30,1235291.4720850002,260.26983500002825,71348.28225,1163682.9200000002,50,289.5965,51541.637914999905,1286833.11,0.004671852743751925,5241.3291,-0.003988754616025547,1.1332329523364166,1.1332329523364166,1.2352914720850003
2025-07-31,1220377.43046,452.7782850000367,77812.11217499999,1142112.54,50,301.591625,51843.22953999991,1272220.66,-0.012073297648390158,5168.7487,-0.013847708971375217,1.1175402722156895,1.1175402722156895,1.22037743046
2025-08-01,1222079.5714599998,21.70146000002569,69797.07,1152260.7999999998,50,292.119,52135.34853999992,1274214.9199999997,0.0013947660432873654,5161.0932,-0.0014811128271722263,1.1158850689836293,1.1158850689836293,1.2220795714599997
2025-08-04,1226869.0629600002,0.20046000003640074,78422.45250000001,1148446.4100000001,50,301.1184999999999,52436.46703999992,1279305.5300000003,0.003919132282260929,5199.566,0.007454389701778696,1.1242033111502294,1.1242033111502294,1.2268690629600003
2025-08-05,1236746.9348350002,107.35596000005171,49600.138875000004,1187039.4400000002,50,241.608125,52678.07516499992,1289425.01,0.008051284503961753,5239.873,0.007751993147120384,1.1329181275142362,1.1329181275142362,1.2367469348350002
2025-08-06,1236649.823535,378.61233500005983,56653.531200000005,1179617.68,50,215.8713,52893.94646499992,1289543.7699999998,-7.852156109300346e-05,5272.0772,0.006145988652778378,1.1398810294704655,1.1398810294704655,1.236649823535
2025-08-07,1235965.07889,8704.931290000066,66981.0876,1160279.06,50,240.25464499999998,53134.20110999992,1289099.28,-0.0005537094106742302,5271.1082,-0.00018379852252548012,1.1396715210213941,1.1396715210213941,1.23596507889
2025-08-08,1238109.9044849998,878.9563600000693,43850.848125000004,1193380.0999999999,50,221.94440500000002,53356.145514999924,1291466.0499999998,0.0017353448180963404,5258.7829,-0.0023382749001432668,1.1370066557093816,1.1370066557093816,1.238109904485
2025-08-11,1238710.10748,3065.681905000074,64017.32557500001,1171627.0999999999,50,222.84700500000002,53578.99251999993,1292289.0999999999,0.00048477359952125987,5310.5124,0.00983678181504688,1.1481911421038509,1.1481911421038509,1.23871010748
2025-08-12,1241741.7733999998,881.1334000001007,59255.48999999999,1181605.1499999997,50,247.66408000000004,53826.65659999992,1295568.4299999997,0.002447437783620998,5328.3963,0.0033676411338388057,1.1520578378235091,1.1520578378235091,1.2417417733999998
2025-08-13,1239105.0319049999,857.457830000094,86940.474075,1151307.0999999999,50,306.681495,54133.33809499992,1293238.3699999999,-0.002123421754412269,5382.3491,0.010125523133480252,1.1637230261114984,1.1637230261114984,1.2391050319049999
2025-08-14,1234982.7452250002,2118.485225000095,50876.49,1181987.77,50,255.83668,54389.17477499992,1289371.9200000002,-0.003326825873398387,5336.8328,-0.008456586363006502,1.1538819018385673,1.1538819018385673,1.2349827452250002
2025-08-15,1235071.3363,208.7144250000947,82237.141875,1152625.48,50,285.168925,54674.34369999992,1289745.68,7.173466620691293e-05,5412.0181,0.014087999908859894,1.1701377899665042,1.1701377899665042,1.2350713363
2025-08-18,1240078.5223,47.34365000010075,97296.68865,1142734.49,50,367.264,55041.60769999992,1295120.13,0.004054167441858381,5486.5658,0.013774473518482822,1.1862558219673738,1.1862558219673738,1.2400785223000002
2025-08-19,1242829.6733500003,484.5106250001045,114731.36272500001,1127613.8,50,432.61895000000004,55474.226649999924,1298303.9000000001,0.002218529714471229,5483.4519,-0.0005675499234877313,1.1855825625663794,1.1855825625663794,1.2428296733500004
2025-08-20,1251916.0641200002,748.1088700001128,87119.55525,1164048.4000000001,50,389.78923000000003,55864.015879999926,1307780.08,0.0073110507134159786,5536.4422,0.009663675539854921,1.1970396477767307,1.1970396477767307,1.2519160641200002
2025-08-21,1262596.66918,949.1215800001119,90697.64760000001,1170949.9,50,357.49494000000004,56221.51081999992,1318818.18,0.00853140667022867,5529.2107,-0.0013061637309246255,1.1954761180043258,1.1954761180043258,1.26259666918
2025-08-22,1261669.85303,119.68418000012389,97312.56885,1164237.6,50,380.97615,56602.48696999993,1318272.34,-0.0007340555956019124,5620.4251,0.016496821146642304,1.2151976737081254,1.2151976737081254,1.2616698530300001
2025-08-25,1274879.7905400002,109.12699000012799,111898.13355,1162872.53,50,426.21249000000006,57028.69945999992,1331908.4900000002,0.010470201438415483,5722.0751,0.018085820590332258,1.2371755208165995,1.2371755208165995,1.2748797905400002
2025-08-26,1275525.7375400001,97.64754000012181,82740.63,1192687.46,50,374.98300000000006,57403.68245999992,1332929.42,0.0005066728681346611,5715.7895,-0.0010984826116665625,1.235816505019403,1.235816505019403,1.2755257375400002
2025-08-27,1244813.32884,373.96634000012637,100124.0625,1144315.3,50,374.4487,57778.131159999924,1302591.46,-0.024078235190481134,5615.1579,-0.01760589678818647,1.2140588471828941,1.2140588471828941,1.24481332884
2025-08-28,1243726.2969900002,310.0719900001386,93443.805,1149972.42,50,384.2518500000001,58162.383009999925,1301888.6800000002,-0.0008732488838409935,5703.5468,0.015741124572828058,1.233169498735144,1.233169498735144,1.2437262969900003
2025-08-29,1239253.988635,923.9706850001348,94180.77794999999,1144149.24,50,375.07835500000004,58537.461364999916,1297791.45,-0.003595894342528383,5723.9513,0.00357751075173085,1.2375811758755755,1.2375811758755755,1.239253988635
2025-09-01,1242724.2855800001,752.1116550001316,90216.323925,1151755.85,50,367.42305500000003,58904.88441999991,1301629.1700000002,0.0028003112976238143,5769.4505,0.007948914589821943,1.2474186029405818,1.2474186029405818,1.24272428558
2025-09-02,1244120.27175,888.8986500001374,87870.5331,1155360.8399999999,50,355.14383,59260.02824999992,1303380.3,0.0011233273431592306,5684.0008,-0.014810717242482618,1.2289434387294162,1.2289434387294162,1.2441202717500002
2025-09-03,1230125.46825,238.84975000013583,91982.0685,1137904.5499999998,50,363.1135,59623.14174999992,1289748.6099999999,-0.011248754495668534,5615.6393,-0.012027003937086,1.2141629311533615,1.2141629311533615,1.23012546825
2025-09-04,1231871.1262250005,25.231850000142003,87758.304375,1144087.5900000003,50,358.03202500000003,59981.173774999916,1291852.3000000003,0.0014190893693828421,5502.1096,-0.020216700883904704,1.189616562349909,1.189616562349909,1.2318711262250004
2025-09-05,1235692.328225,185.33572500014634,98655.7425,1136851.25,50,378.4580000000001,60359.631774999914,1296051.96,0.0031019494804700454,5642.5939,0.025532806543875575,1.2199908118977796,1.2199908118977796,1.235692328225
2025-09-08,1249435.8852249999,124.22472500013828,89519.4405,1159792.2199999997,50,372.21299999999997,60731.84477499991,1310167.7299999997,0.011122151271863556,5681.2263,0.006846567497972966,1.2283435613383447,1.2283435613383447,1.2494358852249998
2025-09-09,1246516.7598150002,428.1023150001347,90342.57749999998,1155746.08,50,360.04541,61091.8901849999,1307608.6500000001,-0.0023363547057669853,5629.7514,-0.009060526245891709,1.2172141222618664,1.2172141222618664,1.2465167598150002
2025-09-10,1246060.658185,2044.06923500013,90553.46895,1153463.1199999999,50,359.84163,61451.7318149999,1307512.39,-0.00036590092063248925,5641.2055,0.0020345658602261008,1.2196906245596055,1.2196906245596055,1.246060658185
2025-09-11,1250917.7965850001,1726.4356850001277,91661.91089999999,1157529.45,50,365.8316,61817.563414999895,1312735.36,0.0038979951482256414,5769.357,0.02271704159687138,1.24739838721304,1.24739838721304,1.250917796585
2025-09-12,1245837.3744350001,620.4030850001072,85561.02135,1159655.95,50,353.38215,62170.945564999885,1308008.32,-0.004061355721270865,5759.2864,-0.0017455324744161116,1.2452210128196255,1.2452210128196255,1.2458373744350002
2025-09-15,1245004.146335,57.03133500011245,94321.60500000001,1150625.5099999998,50,365.3881,62536.33366499988,1307540.4799999997,-0.0006688096834291946,5764.1615,0.0008464763967981348,1.2462750630157744,1.2462750630157744,1.245004146335
2025-09-16,1252486.350335,504.0353350001169,92777.47499999999,1159204.8399999999,50,373.126,62909.45966499988,1315395.81,0.006009782394722052,5790.9336,0.004644578400518462,1.2520634852545622,1.2520634852545622,1.252486350335
2025-09-17,1255748.8549950002,634.1874950001147,113444.6775,1141669.99,50,423.08534,63332.54500499988,1319081.4000000001,0.002604822526910189,5829.8423,0.006718899349838825,1.260475973791596,1.260475973791596,1.2557488549950002
2025-09-18,1233578.3919350002,1080.381135000127,90768.19080000001,1141729.82,50,396.73305999999997,63729.278064999875,1297307.6700000002,-0.017655172825212895,5766.7158,-0.010828165969429482,1.2468273307469024,1.2468273307469024,1.2335783919350003
2025-09-19,1230041.9102950003,483.9702950001265,100009.35,1129548.59,50,387.49164,64116.76970499987,1294158.6800000002,-0.002866847914263948,5749.1028,-0.0030542514337190685,1.2430192065843686,1.2430192065843686,1.2300419102950002
2025-09-22,1224185.570915,314.35691500012763,94066.64399999999,1129804.5699999998,50,385.79938000000004,64502.56908499987,1288688.14,-0.004761089301904997,5778.2598,0.0050715739506346225,1.2493232704126205,1.2493232704126205,1.224185570915
2025-09-23,1221979.9828650001,1817.363415000109,113487.78945000001,1106674.83,50,423.06804999999997,64925.63713499987,1286905.62,-0.0018016778684553092,5742.3736,-0.0062105549494330115,1.2415642795921176,1.2415642795921176,1.2219799828650002
2025-09-24,1227055.8981650001,154.68586500011952,105606.40229999999,1121294.81,50,437.1447,65362.78183499987,1292418.68,0.004153844883857394,5821.912,0.01385113640115665,1.2587613557795518,1.2587613557795518,1.2270558981650002
2025-09-25,1220906.0342150002,482.4066650001114,119553.34755,1100870.28,50,457.31395000000003,65820.09578499987,1286726.1300000001,-0.005011885733320454,5831.1453,0.001585956641048547,1.2607576967112457,1.2607576967112457,1.2209060342150002
2025-09-26,1222757.3420000002,181.63230000011026,114652.7697,1107922.94,50,466.86221499999994,66286.95799999988,1289044.3,0.0015163392866595071,5760.8978,-0.012046947278093079,1.2455694152085153,1.2455694152085153,1.2227573420000002
2025-09-29,1224547.7515,250.7840000001088,111992.3175,1112304.65,50,452.30050000000006,66739.25849999991,1291287.01,0.001464239418976998,5840.4498,0.01380895873556387,1.2627694318654101,1.2627694318654101,1.2245477515
2025-09-30,1220721.8969899998,183.023140000103,113063.09384999999,1107475.7799999998,50,451.20451,67190.4630099999,1287912.3599999996,-0.0031242999754920175,5875.4607,0.005994555419344572,1.2703391732065816,1.2703391732065816,1.2207218969899998
2025-10-09,1226377.43399,9.516490000107297,124696.47750000001,1101671.44,50,482.12300000000005,67672.58600999988,1294050.02,0.004632944664911376,5952.8519,0.013171937308677828,1.2870720011568164,1.2870720011568164,1.22637743399
2025-10-10,1226548.6629900003,2637.164990000121,105404.628,1118506.87,50,447.00100000000003,68119.5870099999,1294668.2500000002,0.00013962177976734047,5855.6487,-0.016328845674793313,1.2660556010775794,1.2660556010775794,1.2265486629900004
2025-10-13,1225416.5979900002,686.0004900001113,93602.4075,1131128.19,50,395.38500000000005,68514.97200999991,1293931.57,-0.0009229678643490891,5833.9572,-0.0037043718145182147,1.2613656603933348,1.2613656603933348,1.2254165979900002
2025-10-14,1230169.47713,4942.349630000117,114861.1275,1110366.0,50,421.69086,68936.66286999991,1299106.14,0.0038785823105349504,5741.3317,-0.01587695912476017,1.2413390093618937,1.2413390093618937,1.23016947713
2025-10-15,1245366.0330300003,266.44013000011546,90535.93290000001,1154563.6600000001,50,405.94410000000005,69342.6069699999,1314708.6400000001,0.012353221391457447,5826.4868,0.014831942212988558,1.2597504778154778,1.2597504778154778,1.2453660330300003
2025-10-16,1247992.964505,770.1770050001287,110926.98749999999,1136295.8,50,412.858525,69755.46549499992,1317748.43,0.002109364962049165,5800.591,-0.004444496467407966,1.2541515212670113,1.2541515212670113,1.247992964505
2025-10-17,1237634.827405,516.6435050001237,124374.7239,1112743.46,50,478.2371,70233.70259499991,1307868.53,-0.008299836132576566,5652.4627,-0.02553675996118332,1.2221245549134627,1.2221245549134627,1.2376348274050002
2025-10-20,1256203.038715,315.57359000012366,125623.10512499999,1130264.3599999999,50,501.42869,70735.13128499991,1326938.17,0.015002980603683103,5697.1596,0.007907509057954565,1.2317885159013897,1.2317885159013897,1.256203038715
2025-10-21,1274488.258715,1196.8462150000923,109887.5925,1163403.8199999998,50,462.24,71197.37128499988,1345685.63,0.014555943136950411,5788.8328,0.016091035961148137,1.2516092692072882,1.2516092692072882,1.274488258715
2025-10-22,1280178.85831,388.3733100000827,120723.43499999998,1159067.05,50,468.36040500000007,71665.7316899999,1351844.5899999999,0.004465007469537374,5764.9285,-0.004129381660496367,1.2464408968449163,1.2464408968449163,1.28017885831
2025-10-23,1291238.53911,194.7043100000701,125695.05480000001,1165348.78,50,496.12919999999997,72161.8608899999,1363400.4,0.008639168447602819,5772.7822,0.0013623239212767757,1.2481389530951459,1.2481389530951459,1.29123853911
2025-10-24,1290196.65981,335.7101100000946,121184.39970000001,1168676.55,50,491.7693,72653.63018999988,1362850.29,-0.0008068836767511911,5842.5729,0.01208961252686791,1.2632284694177567,1.2632284694177567,1.29019665981
2025-10-27,1297076.9932250003,549.5357250001107,117757.86750000001,1178769.5900000003,50,476.3165849999999,73129.94677499986,1370206.9400000002,0.005332778815295924,5913.0717,0.012066396296056547,1.2784710847422123,1.2784710847422123,1.2970769932250004
2025-10-28,1297445.274525,1402.308225000117,121652.5863,1174390.38,50,479.98869999999994,73609.93547499986,1371055.21,0.00028393171872087564,5893.1369,-0.0033713103800179223,1.274160961903668,1.274160961903668,1.297445274525
2025-10-29,1294795.2658250001,4544.595325000111,112094.86050000001,1178155.81,50,458.43870000000015,74068.37417499986,1368863.64,-0.002042482062274309,5961.1939,0.011548518413003306,1.2888756332333424,1.2888756332333424,1.2947952658250002
2025-10-30,1292988.2697750002,384.63477500012596,108865.155,1183738.48,50,446.96605000000005,74515.34022499985,1367503.61,-0.0013955843813258095,5898.9039,-0.010449249100922597,1.2754078506815778,1.2754078506815778,1.2929882697750001
2025-10-31,1295993.6029750002,425.597975000117,125204.205,1170363.8,50,476.7868000000001,74992.12702499986,1370985.73,0.002324331372722366,5866.6477,-0.0054681684168477185,1.2684337057538813,1.2684337057538813,1.295993602975
2025-11-03,1316809.6561999999,897.78517500011,118905.58102499999,1197006.2899999998,50,484.82677500000005,75476.95379999986,1392286.6099999996,0.016061848744635565,5888.6791,0.0037553644136496533,1.273197136553543,1.273197136553543,1.3168096561999998
2025-11-04,1318869.8157000002,4416.545200000106,125026.4505,1189426.82,50,486.1705,75963.12429999986,1394832.94,0.0015645081962305518,5827.9277,-0.010316642997238556,1.2600620162306138,1.2600620162306138,1.3188698157
2025-11-05,1320264.5497,1787.7997000001124,113623.23000000001,1204853.52,50,475.96599999999995,76439.09029999984,1396703.64,0.0010575221173438898,5847.9281,0.0034318201991421216,1.2643863225100858,1.2643863225100858,1.3202645497
2025-11-06,1318332.5502050002,1.594830000125512,121441.485375,1196889.4700000002,50,477.21949500000005,76916.30979499983,1395248.86,-0.0014633427031263135,5918.754,0.012111280916740297,1.2796996604492896,1.2796996604492896,1.3183325502050003
2025-11-07,1317618.44304,508.84054000012475,106356.4425,1210753.16,50,447.687165,77363.99695999986,1394982.44,-0.0005416745303672421,5903.5784,-0.00256398559561688,1.2764185289531818,1.2764185289531818,1.31761844304
2025-11-10,1325978.8135400002,207.53604000012274,126499.95749999999,1199271.32,50,476.7895,77840.78645999989,1403819.6,0.006345061838016752,5926.6604,0.003909832043561767,1.281409111018679,1.281409111018679,1.3259788135400001
2025-11-11,1328263.23554,930.1100400001087,128719.1955,1198613.93,50,510.98799999999994,78351.77445999987,1406615.0099999998,0.0017228193819334159,5895.6448,-0.0052332338799098155,1.2747031974448708,1.2747031974448708,1.32826323554
2025-11-12,1325431.8459400004,2839.3755400001137,115430.54040000001,1207161.9300000002,50,479.22960000000006,78831.00405999988,1404262.8500000003,-0.002131647947666404,5871.6254,-0.004074092116268635,1.2695099391975782,1.2695099391975782,1.3254318459400003
2025-11-13,1331532.59159,705.9340900001189,125271.0375,1205555.6199999999,50,490.04435,79321.04840999986,1410853.64,0.004602836176516467,5948.0018,0.013007709926454059,1.2860233562354106,1.2860233562354106,1.33153259159
2025-11-14,1335696.493465,1281.4584650001198,126744.345,1207670.69,50,504.41812500000003,79825.46653499984,1415521.96,0.003127149798134443,5872.1266,-0.012756418466450481,1.2696183041456426,1.2696183041456426,1.335696493465
2025-11-17,1332706.710965,1946.9684650001363,133739.81250000003,1197019.93,50,524.0225,80349.48903499985,1413056.2,-0.0022383696555525745,5864.1259,-0.0013624876548130604,1.2678884648799194,1.2678884648799194,1.3327067109650002
2025-11-18,1320161.2764650004,811.7714650001581,116262.61499999999,1203086.8900000001,50,493.3945,80842.88353499986,1401004.1600000001,-0.009413499907204415,5809.5974,-0.009298657793141873,1.256098803925129,1.256098803925129,1.3201612764650004
2025-11-19,1314504.0184650002,2706.0909650001413,111150.42749999999,1200647.5,50,449.86799999999994,81292.75153499987,1395796.77,-0.004285277943577137,5793.2882,-0.002807285750988431,1.2525725756510364,1.2525725756510364,1.3145040184650003
2025-11-20,1314337.4634,615.2009000001344,121873.55249999998,1191848.71,50,475.05506499999996,81767.80659999988,1396105.2699999998,-0.00012670563395822398,5755.7861,-0.00647337033914519,1.2444642094921903,1.2444642094921903,1.3143374634
2025-11-21,1288204.9007200003,1533.2218450000983,119357.30887499999,1167314.37,50,480.30267999999995,82248.10927999989,1370453.0100000002,-0.019882688736877818,5575.4763,-0.031326702707037746,1.2054792491718798,1.2054792491718798,1.2882049007200003
2025-11-24,1298816.21067,2201.063170000092,125614.17749999999,1171000.97,50,492.59005,82740.69932999987,1381556.91,0.008237284258171051,5608.6852,0.005956244491614138,1.212659378309515,1.212659378309515,1.2988162106699999
2025-11-25,1307102.78342,613.7241700000995,109749.23925,1196739.8199999998,50,465.57725,83206.27657999985,1390309.0599999998,0.006380096492424769,5676.3258,0.012059974412541363,1.227284019383056,1.227284019383056,1.30710278342
2025-11-26,1296774.53382,62.76092000011704,109352.7729,1187359.0,50,439.2696,83645.54617999984,1380420.0799999998,-0.007901635380942573,5690.0807,0.0024232048132264428,1.230257979926021,1.230257979926021,1.29677453382
2025-11-27,1302433.27982,947.0748200001108,118421.205,1183065.0,50,459.254,84104.80017999985,1386538.0799999998,0.004363708456959436,5690.0121,-1.2056068027344047e-05,1.2302431478521239,1.2302431478521239,1.30243327982
2025-11-28,1308982.94282,261.88782000010906,116486.05500000001,1192235.0,50,470.337,84575.13717999983,1393558.0799999998,0.005028789652015808,5732.7705,0.007514641313328685,1.239487983836413,1.239487983836413,1.30898294282
2025-12-01,1313098.57832,225.42082000010487,129213.15750000002,1183660.0,50,498.3645,85073.50167999983,1398172.0799999998,0.0031441475403288788,5787.1771,0.009490454920531022,1.2512512886715523,1.2512512886715523,1.31309857832
2025-12-02,1309642.46482,511.47732000012184,119305.98749999999,1189825.0,50,492.11349999999993,85565.61517999982,1395208.0799999998,-0.0026320289710630718,5750.4032,-0.006354376125797145,1.2433003673554448,1.2433003673554448,1.30964246482
2025-12-03,1303209.37082,192.29582000010487,119271.07500000003,1183746.0,50,478.094,86043.70917999983,1389253.0799999998,-0.004912099426223393,5710.5761,-0.006925966513095849,1.2346893106454213,1.2346893106454213,1.30320937082
2025-12-04,1294114.71436,272.21186000013404,115764.8625,1178077.64,50,468.65646000000004,86512.36563999983,1380627.0799999998,-0.006978661037617795,5711.8004,0.00021439167932624237,1.2349540177601768,1.2349540177601768,1.29411471436
2025-12-05,1304296.1557600002,537.0838600001407,119691.2619,1184067.81,50,472.9686,86985.33423999984,1391281.49,0.007867495274586522,5776.8309,0.011385289303876833,1.2490143265293614,1.2490143265293614,1.3042961557600001
2025-12-08,1305925.05927,351.1392700001488,115674.09,1189899.8299999998,50,469.45649000000003,87454.79072999982,1393379.8499999999,0.0012488754971839988,5835.5518,0.010164898543248091,1.2617104304375957,1.2617104304375957,1.30592505927
2025-12-09,1303525.8796700002,170.70777000012458,120740.6319,1182614.54,50,476.1296,87930.9203299998,1391456.8,-0.0018371495232207824,5802.8454,-0.005604679920757416,1.2546389473223118,1.2546389473223118,1.3035258796700002
2025-12-10,1294790.0350199998,166.49367000011262,116710.95134999999,1177912.5899999999,50,473.35464999999994,88404.27497999983,1383194.3099999996,-0.006701704036909395,5809.3538,0.0011215876955812387,1.2560461349280256,1.2560461349280256,1.29479003502
2025-12-11,1282189.48672,116877.4450200001,1144842.0416999997,20470.0,1,2869.2783,91273.5532799998,1373463.0399999998,-0.009731730982780795,5745.0693,-0.011065688579683264,1.2421471195571974,1.2421471195571974,1.2821894867199999
2025-12-12,1281161.75922,1261719.48672,19442.2725,0.0,0,48.7275,91322.2807799998,1372484.0399999996,-0.0008015410441627457,5787.8638,0.0074489092759941755,1.2513997607582164,1.2513997607582164,1.28116175922
2025-12-15,1281161.75922,1281161.75922,0.0,0.0,0,0.0,91322.2807799998,1372484.0399999996,0.0,5751.5535,-0.006273523575312856,1.2435490748569589,1.2435490748569589,1.28116175922
